Player Name,Role,Team Name,Match ID,Game ID,Hero,Duration (min),Radiant Win,Kills,Deaths,Assists,GPM,XPM,Last Hits,Denies,Net Worth,Hero Damage,Tower Damage,Hero Healing,Obs Placed,Sen Placed,First Blood,Fantasy Points
BlinGG,Hard Support,Meld z Zaskoczenia,7VdHDXHUb0uSjOOiaD9r,8429996273,Undying,54.8,false,4,11,22,395,575,140,3,17792,16676,205,7412,20,40,false,195.61
Be Boy,Hard Support,Jest Letko,035zBZ2Imgb9kIdncdiu,8431635715,Hero136,18.2,false,3,0,18,265,379,8,1,4664,8864,764,275,3,6,false,222.38
Be Boy,Hard Support,Jest Letko,035zBZ2Imgb9kIdncdiu,8431689704,Tusk,47.1,true,3,7,25,317,509,32,5,12284,10230,244,0,11,23,false,135.58
Be Boy,Hard Support,Jest Letko,Iu1EMsFvKkOJMrwB8ejz,8431817540,Hero136,38.5,false,4,9,26,335,434,53,1,10562,11401,2824,766,9,19,false,162.27
Be Boy,Hard Support,Jest Letko,Iu1EMsFvKkOJMrwB8ejz,8431886203,Omniknight,42.2,true,2,3,17,384,538,105,0,14150,7979,431,5657,12,25,false,189.11
Abedzik,Hard Support,CINCO PERROS,KWrwrjEWK7yL7r6GOipp,8422934138,Abaddon,39.3,true,3,3,18,343,548,50,7,12525,6941,2827,17760,6,10,false,296.53
Abedzik,Hard Support,CINCO PERROS,o2H30RJvnYByDcM2dINB,8427048629,Lion,46.7,false,11,7,33,473,837,47,2,17830,19393,441,0,0,0,false,74.20
Abedzik,Hard Support,CINCO PERROS,zagQRJf7HdWq3ma7rp09,8425659528,Abaddon,32.9,true,2,5,21,339,429,32,10,11327,6592,865,7745,0,0,false,186.57
Abedzik,Hard Support,CINCO PERROS,zagQRJf7HdWq3ma7rp09,8425728381,Undying,55.4,false,8,10,42,463,831,157,3,22523,16452,2345,7887,0,0,false,122.29
SenSimil,Hard Support,Kępski Kryształ,QYBH3H6V9svJ6ZBTiujb,8428433681,Jakiro,27.9,false,1,9,5,218,232,24,2,4505,12259,207,0,7,10,1,77.77
SenSimil,Hard Support,Kępski Kryształ,QYBH3H6V9svJ6ZBTiujb,8428504518,Tusk,48.2,true,9,11,32,340,460,44,1,11186,21327,1360,0,9,20,false,109.86
SenSimil,Hard Support,Kępski Kryształ,qI7VXf0guiGVmK4TYnNb,8429515972,Vengeful Spirit,39.3,false,3,7,29,328,582,20,4,10855,12569,1653,195,9,17,false,138.17
SenSimil,Hard Support,Kępski Kryształ,qI7VXf0guiGVmK4TYnNb,8429622448,Dazzle,22.9,true,2,1,16,301,477,22,5,5857,6675,708,8827,5,10,false,328.57
TOFI,Hard Support,Tomek i Przyjaciele,0Q1zNJl50nhaAU2aN3cJ,8421512161,Dazzle,32.8,true,1,7,21,266,423,37,6,7260,6838,162,7957,5,16,false,239.96
TOFI,Hard Support,Tomek i Przyjaciele,0Q1zNJl50nhaAU2aN3cJ,8421585719,Silencer,38.7,true,3,7,16,247,346,35,2,6700,14871,0,0,0,0,false,52.69
TOFI,Hard Support,Tomek i Przyjaciele,GjEqnxXjgov0xsBCJUi4,8424355820,Pugna,56.6,true,10,10,23,425,608,145,4,16845,27695,4968,4353,15,29,1,157.92
TOFI,Hard Support,Tomek i Przyjaciele,GjEqnxXjgov0xsBCJUi4,8424434859,Undying,42.1,true,7,6,26,400,587,76,4,16958,12641,1562,8524,6,12,false,192.31
TOFI,Hard Support,Tomek i Przyjaciele,e5rACO40T7qW0F1dWAdh,8425580766,Ancient Apparition,42.0,false,3,11,26,348,417,45,1,13413,16282,651,0,9,17,false,133.08
TOFI,Hard Support,Tomek i Przyjaciele,e5rACO40T7qW0F1dWAdh,8425669736,Weaver,42.9,true,9,9,29,374,713,55,8,15067,20512,2806,1691,6,14,1,137.95
Yoie,Hard Support,Doink and Destroy,bJ0rMbzMkwqlqGIpNtFU,8431737496,Mars,33.6,true,6,6,19,310,399,33,1,9847,13749,1435,0,0,0,false,92.53
Yoie,Hard Support,Doink and Destroy,bJ0rMbzMkwqlqGIpNtFU,8431808477,Warlock,27.8,false,8,4,30,417,575,64,2,10460,15753,4303,10665,0,0,false,281.47
Yoie,Hard Support,Doink and Destroy,rVnxdKKTINcYVXbkO4mx,8425761247,Silencer,48.7,true,2,10,34,382,536,100,1,14422,18352,1265,0,14,29,false,134.35
Yoie,Hard Support,Doink and Destroy,rVnxdKKTINcYVXbkO4mx,8425833128,Ogre Magi,33.5,true,2,10,7,300,377,59,0,7295,10188,214,125,11,21,false,99.57
Pupa,Hard Support,Ja w sprawie pumy,7VdHDXHUb0uSjOOiaD9r,8429996273,Ancient Apparition,54.8,false,3,7,23,362,493,82,0,18653,15723,426,125,9,21,false,103.33
Pupa,Hard Support,Ja w sprawie pumy,QKhtzVVV8VdBFDdkMOH9,8427007639,Ancient Apparition,29.0,false,0,6,17,272,328,22,0,7217,6127,307,0,0,0,false,88.24
Pupa,Hard Support,Ja w sprawie pumy,QKhtzVVV8VdBFDdkMOH9,8427065180,Ancient Apparition,51.7,true,1,8,17,269,410,26,1,12718,10332,280,0,0,0,false,55.96
Pupa,Hard Support,Ja w sprawie pumy,qBB79nAFp7mJrTLXe0LO,8425462431,Undying,34.8,true,6,3,26,351,429,24,2,12687,8752,1002,9677,7,9,false,244.80
Pupa,Hard Support,Ja w sprawie pumy,qBB79nAFp7mJrTLXe0LO,8425542396,Undying,31.9,false,4,8,20,328,399,18,1,8989,9055,219,6871,4,13,false,233.73
BUblinek,Hard Support,Bubliny Team,WUmUm5A7K1M3hEBGW9Id,8431743470,Vengeful Spirit,59.6,false,4,7,28,353,769,95,5,15849,15477,737,12459,0,0,false,136.28
BUblinek,Hard Support,Bubliny Team,fxOJREbrQkftjXT3i4My,8425738638,Clockwerk,34.1,false,7,3,22,333,475,27,3,9857,18374,316,0,8,17,false,157.30
BUblinek,Hard Support,Bubliny Team,fxOJREbrQkftjXT3i4My,8425795013,Shadow Shaman,25.5,true,2,6,11,249,335,34,4,5085,9975,832,0,6,8,1,100.69
5ty,Hard Support,Obrona Częstochowy,5vs3LDQT5Eg4AJULmx8x,8422959064,Abaddon,64.4,false,3,7,31,386,682,98,5,22941,12116,668,9347,18,38,false,198.28
5ty,Hard Support,Obrona Częstochowy,5vs3LDQT5Eg4AJULmx8x,8423054658,Void Spirit,46.9,true,9,13,33,444,752,104,3,15614,21360,843,125,0,0,false,72.31
5ty,Hard Support,Obrona Częstochowy,qBB79nAFp7mJrTLXe0LO,8425462431,Lion,34.8,true,5,10,12,308,345,32,3,7943,11967,0,0,9,16,false,103.22
5ty,Hard Support,Obrona Częstochowy,qBB79nAFp7mJrTLXe0LO,8425542396,Void Spirit,31.9,false,6,5,15,332,477,33,5,8201,17807,180,0,6,14,false,137.62
Freenki,Hard Support,divine 640x480,Lv845NrM8afwFJdojNzo,8431472168,Dazzle,41.6,false,0,12,18,238,331,31,5,8061,7421,0,21206,0,0,false,254.60
Freenki,Hard Support,divine 640x480,Lv845NrM8afwFJdojNzo,8431562935,Ogre Magi,53.1,false,3,13,42,333,662,31,1,14489,18410,1455,0,0,0,false,60.17
Freenki,Hard Support,divine 640x480,fxOJREbrQkftjXT3i4My,8425738638,Undying,34.1,false,1,7,6,188,266,26,1,5850,5182,0,356,7,1,false,41.03
Freenki,Hard Support,divine 640x480,fxOJREbrQkftjXT3i4My,8425795013,Tusk,25.5,true,2,4,16,243,387,4,0,5646,6304,121,0,7,2,false,129.67
Freenki,Hard Support,divine 640x480,g8PuQI3pdTqTaVGQt09X,8425582145,Undying,33.2,true,6,6,22,332,571,40,0,10057,9706,1283,2608,10,3,false,161.08
Freenki,Hard Support,divine 640x480,g8PuQI3pdTqTaVGQt09X,8425651280,Tusk,32.5,true,2,7,20,241,299,4,1,6971,6880,485,0,0,0,false,89.45
Szwedka,Hard Support,Chief Industries,rVnxdKKTINcYVXbkO4mx,8425761247,Jakiro,48.7,true,2,14,16,263,446,42,0,10361,7219,627,0,15,27,false,105.05
Szwedka,Hard Support,Chief Industries,rVnxdKKTINcYVXbkO4mx,8425833128,Lich,33.5,true,4,2,11,316,406,37,0,10652,8255,291,195,11,21,1,138.42
AaDeHaDe,Soft Support,Jest Letko,035zBZ2Imgb9kIdncdiu,8431635715,Weaver,18.2,false,3,1,12,265,329,17,0,4310,9978,712,0,4,9,false,175.76
AaDeHaDe,Soft Support,Jest Letko,035zBZ2Imgb9kIdncdiu,8431689704,Hero131,47.1,true,1,8,24,299,518,50,1,12105,16884,129,125,9,18,false,90.39
AaDeHaDe,Soft Support,Jest Letko,Iu1EMsFvKkOJMrwB8ejz,8431817540,Rubick,38.5,false,9,6,26,478,598,96,1,16971,22122,228,250,7,11,false,106.11
AaDeHaDe,Soft Support,Jest Letko,Iu1EMsFvKkOJMrwB8ejz,8431886203,Witch Doctor,42.2,true,9,9,12,344,437,49,0,13471,26383,301,1495,7,10,false,77.52
Quince,Hard Support,Luter Disciples,Iu1EMsFvKkOJMrwB8ejz,8431817540,Undying,38.5,false,4,14,19,280,372,36,1,9023,10841,0,385,12,14,false,117.45
Quince,Hard Support,Luter Disciples,Iu1EMsFvKkOJMrwB8ejz,8431886203,Clockwerk,42.2,true,2,8,13,218,340,22,1,9346,8977,137,0,15,19,false,102.26
qb4s,Hard Support,Klałn Fiesta,GjEqnxXjgov0xsBCJUi4,8424355820,Ancient Apparition,56.6,true,4,10,20,290,392,69,3,11169,14873,0,125,12,30,false,108.04
qb4s,Hard Support,Klałn Fiesta,GjEqnxXjgov0xsBCJUi4,8424434859,Silencer,42.1,true,2,6,9,252,332,24,3,7308,15359,128,525,15,27,false,109.96
Bacześ,Hard Support,Psychiatryk,0Q1zNJl50nhaAU2aN3cJ,8421512161,Ogre Magi,32.8,true,2,6,9,251,343,27,3,8054,11263,143,125,6,15,false,82.07
Bacześ,Hard Support,Psychiatryk,0Q1zNJl50nhaAU2aN3cJ,8421585719,Ogre Magi,38.7,true,1,8,20,324,442,36,5,12250,10541,914,0,0,0,false,82.28
Bacześ,Hard Support,Psychiatryk,FTvntoZjHD52ms6pccPb,8421352850,Crystal Maiden,39.8,true,3,12,15,302,352,25,1,9294,14214,67,0,0,0,false,49.78
Bacześ,Hard Support,Psychiatryk,FTvntoZjHD52ms6pccPb,8421438029,Ogre Magi,29.7,true,4,6,30,446,481,33,3,11776,13716,2674,0,8,18,false,178.50
Nolcio,Hard Support,drPingwin,O2LdqqxZsyHobulI9Esd,8421550291,Shadow Shaman,39.2,false,2,6,17,296,450,42,1,8500,8984,4013,125,14,13,false,111.05
Nolcio,Hard Support,drPingwin,O2LdqqxZsyHobulI9Esd,8421628982,Jakiro,40.9,true,9,5,17,419,612,126,0,14688,22782,0,125,9,14,1,105.64
Nolcio,Hard Support,drPingwin,qI7VXf0guiGVmK4TYnNb,8429515972,Warlock,39.3,false,2,8,14,308,362,78,2,10093,25042,43,4569,11,8,false,132.83
Nolcio,Hard Support,drPingwin,qI7VXf0guiGVmK4TYnNb,8429622448,Weaver,22.9,true,1,3,3,185,294,29,1,4137,6092,0,0,5,2,false,41.28
Skuczi,Soft Support,Kępski Kryształ,QYBH3H6V9svJ6ZBTiujb,8428433681,Lion,27.9,false,1,8,7,211,265,18,0,4453,9203,0,0,4,9,false,56.08
Skuczi,Soft Support,Kępski Kryształ,QYBH3H6V9svJ6ZBTiujb,8428504518,Ogre Magi,48.2,true,1,13,20,251,347,37,1,8527,26106,423,125,11,14,false,63.96
Skuczi,Soft Support,Kępski Kryształ,qI7VXf0guiGVmK4TYnNb,8429515972,Abaddon,39.3,false,4,1,21,344,535,17,0,12389,7902,666,12640,6,13,false,94.24
Skuczi,Soft Support,Kępski Kryształ,qI7VXf0guiGVmK4TYnNb,8429622448,Ogre Magi,22.9,true,6,0,19,406,486,28,0,8206,12937,978,163,4,10,false,166.17
makuksik,Hard Support,Na Pałę Gaming,Lv845NrM8afwFJdojNzo,8431472168,Clockwerk,41.6,false,1,5,23,257,347,6,1,10778,10072,929,0,0,0,false,69.83
makuksik,Hard Support,Na Pałę Gaming,Lv845NrM8afwFJdojNzo,8431562935,Clockwerk,53.1,false,0,12,27,249,412,21,2,9643,15608,31,0,0,0,false,43.21
makuksik,Hard Support,Na Pałę Gaming,WUmUm5A7K1M3hEBGW9Id,8431743470,Silencer,59.6,false,6,8,22,299,506,79,2,15899,24119,562,0,0,0,false,46.76
makuksik,Hard Support,Na Pałę Gaming,YedL46rBgycGyaVhgWWx,8424208586,Dazzle,36.2,true,2,4,14,272,469,7,2,9010,6967,1217,8068,0,0,false,147.88
makuksik,Hard Support,Na Pałę Gaming,YedL46rBgycGyaVhgWWx,8424286523,Dazzle,42.3,false,2,9,12,242,366,29,1,8644,6430,486,12976,0,0,false,166.53
Walrei,Soft Support,Tomek i Przyjaciele,0Q1zNJl50nhaAU2aN3cJ,8421512161,Rubick,32.8,true,4,3,20,350,497,36,3,10309,9942,133,0,9,14,1,120.95
Walrei,Soft Support,Tomek i Przyjaciele,0Q1zNJl50nhaAU2aN3cJ,8421585719,Lich,38.7,true,4,9,11,266,357,38,6,7737,13027,0,0,0,0,false,28.20
Walrei,Soft Support,Tomek i Przyjaciele,GjEqnxXjgov0xsBCJUi4,8424355820,Shadow Shaman,56.6,true,3,8,19,356,529,86,4,18282,9875,5238,0,8,17,false,76.45
Walrei,Soft Support,Tomek i Przyjaciele,GjEqnxXjgov0xsBCJUi4,8424434859,Skywrath Mage,42.1,true,4,2,28,332,477,41,2,13938,16125,756,125,10,22,1,103.52
Walrei,Soft Support,Tomek i Przyjaciele,e5rACO40T7qW0F1dWAdh,8425580766,Disruptor,42.0,false,1,5,32,332,501,30,1,11974,13912,462,0,9,19,false,95.09
Walrei,Soft Support,Tomek i Przyjaciele,e5rACO40T7qW0F1dWAdh,8425669736,Silencer,42.9,true,8,9,35,401,673,44,4,15821,22861,285,0,10,22,false,108.86
S1NIAWA,Hard Support,Tango Buraczane,FTvntoZjHD52ms6pccPb,8421352850,Warlock,39.8,true,2,5,13,296,381,36,2,10169,9522,0,3827,0,0,false,89.51
S1NIAWA,Hard Support,Tango Buraczane,FTvntoZjHD52ms6pccPb,8421438029,Jakiro,29.7,true,4,6,8,266,380,43,3,6707,8158,190,125,6,13,false,86.73
S1NIAWA,Hard Support,Tango Buraczane,e5rACO40T7qW0F1dWAdh,8425580766,Shadow Shaman,42.0,false,1,7,9,236,472,64,6,7604,8012,2600,125,12,20,false,82.32
S1NIAWA,Hard Support,Tango Buraczane,e5rACO40T7qW0F1dWAdh,8425669736,Lich,42.9,true,5,8,7,294,518,38,2,9442,10836,0,650,10,23,false,91.44
Bubi,Hard Support,Pora na Przygode,KWrwrjEWK7yL7r6GOipp,8422934138,Shadow Shaman,39.3,true,0,12,9,194,286,19,1,5156,6102,0,0,11,22,false,85.42
Wauek,Soft Support,Ja w sprawie pumy,7VdHDXHUb0uSjOOiaD9r,8429996273,Clockwerk,54.8,false,1,8,20,332,578,86,2,16366,14649,861,416,3,21,false,77.13
Wauek,Soft Support,Ja w sprawie pumy,QKhtzVVV8VdBFDdkMOH9,8427007639,Hero128,29.0,false,3,2,17,336,513,37,4,8586,10724,1615,600,0,0,false,79.70
Wauek,Soft Support,Ja w sprawie pumy,QKhtzVVV8VdBFDdkMOH9,8427065180,Hero128,51.7,true,2,9,16,363,523,120,0,16528,19112,269,1450,0,0,false,40.78
Wauek,Soft Support,Ja w sprawie pumy,qBB79nAFp7mJrTLXe0LO,8425462431,Clockwerk,34.8,true,5,5,26,372,435,27,2,10779,14980,297,68,2,11,false,99.77
Wauek,Soft Support,Ja w sprawie pumy,qBB79nAFp7mJrTLXe0LO,8425542396,Clockwerk,31.9,false,4,9,23,345,433,12,0,9591,14585,580,960,4,9,false,108.84
White Dance ,Carry,Meld z Zaskoczenia,5vs3LDQT5Eg4AJULmx8x,8422959064,Doom,64.4,false,21,8,15,755,932,471,12,38520,56184,14535,0,0,0,false,60.32
White Dance ,Carry,Meld z Zaskoczenia,5vs3LDQT5Eg4AJULmx8x,8423054658,Templar Assassin,46.9,true,23,8,15,869,1184,421,5,34651,74116,8080,0,0,0,false,63.87
White Dance ,Carry,Meld z Zaskoczenia,7VdHDXHUb0uSjOOiaD9r,8429996273,Terrorblade,54.8,false,14,4,6,729,744,663,21,32965,46185,12492,0,0,0,false,56.69
White Dance ,Carry,Meld z Zaskoczenia,O2LdqqxZsyHobulI9Esd,8421550291,Terrorblade,39.2,false,16,3,9,831,983,435,26,31450,36046,16724,0,0,0,false,89.69
White Dance ,Carry,Meld z Zaskoczenia,O2LdqqxZsyHobulI9Esd,8421628982,Terrorblade,40.9,true,11,5,16,696,839,363,23,27604,38928,21007,0,0,0,false,63.13
White Dance ,Carry,Meld z Zaskoczenia,QYBH3H6V9svJ6ZBTiujb,8428433681,Beastmaster,27.9,false,19,0,18,868,891,278,14,24160,36397,13156,0,3,1,false,154.54
White Dance ,Carry,Meld z Zaskoczenia,QYBH3H6V9svJ6ZBTiujb,8428504518,Monkey King,48.2,true,16,12,20,729,1035,391,10,32240,69109,9563,0,2,2,false,79.19
Fey,Carry,divine 640x480,Lv845NrM8afwFJdojNzo,8431472168,Phantom Lancer,41.6,false,14,2,11,637,743,351,5,25266,43177,364,0,0,0,false,35.73
Fey,Carry,divine 640x480,Lv845NrM8afwFJdojNzo,8431562935,Bloodseeker,53.1,false,23,3,29,916,1247,624,4,46362,87532,9387,0,0,0,false,77.26
Fey,Carry,divine 640x480,fxOJREbrQkftjXT3i4My,8425738638,Slark,34.1,false,4,5,2,487,585,277,4,15057,8385,518,0,0,4,1,3.13
Fey,Carry,divine 640x480,fxOJREbrQkftjXT3i4My,8425795013,Phantom Lancer,25.5,true,11,0,7,725,785,279,8,18868,9625,3155,0,0,0,false,111.02
Fey,Carry,divine 640x480,g8PuQI3pdTqTaVGQt09X,8425582145,Queen of Pain,33.2,true,17,1,14,807,848,344,22,26358,51648,8393,0,0,0,1,125.58
Fey,Carry,divine 640x480,g8PuQI3pdTqTaVGQt09X,8425651280,Razor,32.5,true,26,1,16,948,1164,423,17,25508,51357,8038,0,0,0,false,120.14
-Obstacle,Carry,Jest Letko,035zBZ2Imgb9kIdncdiu,8431635715,Shadow Fiend,18.2,false,6,0,9,582,513,138,30,10633,10785,2849,0,0,0,1,77.85
-Obstacle,Carry,Jest Letko,035zBZ2Imgb9kIdncdiu,8431689704,Shadow Fiend,47.1,true,15,6,10,772,1107,525,24,34371,51687,15368,0,0,0,false,62.68
-Obstacle,Carry,Jest Letko,Iu1EMsFvKkOJMrwB8ejz,8431817540,Pudge,38.5,false,24,3,19,725,891,288,8,26486,45128,8083,0,0,0,1,117.65
-Obstacle,Carry,Jest Letko,Iu1EMsFvKkOJMrwB8ejz,8431886203,Nature's Prophet,42.2,true,9,1,9,871,1039,620,9,35517,25414,9723,563,0,0,false,47.90
Rzezio,Offlane,Doink and Destroy,bJ0rMbzMkwqlqGIpNtFU,8431737496,Hero129,33.6,true,4,5,22,420,445,136,4,13062,16215,2006,0,0,0,false,79.26
Rzezio,Offlane,Doink and Destroy,bJ0rMbzMkwqlqGIpNtFU,8431808477,Centaur Warrunner,27.8,false,5,3,26,525,641,149,11,13998,20771,5838,0,0,0,false,120.29
Rzezio,Offlane,Doink and Destroy,rVnxdKKTINcYVXbkO4mx,8425761247,Axe,48.7,true,19,7,14,593,850,226,4,22495,33408,4737,0,0,0,false,88.93
Rzezio,Offlane,Doink and Destroy,rVnxdKKTINcYVXbkO4mx,8425833128,Night Stalker,33.5,true,4,1,4,436,629,188,5,14550,11442,1203,0,0,0,false,17.12
Marchewa,Mid,Ja w sprawie pumy,7VdHDXHUb0uSjOOiaD9r,8429996273,Outworld Destroyer,54.8,false,16,3,6,881,1271,654,20,46329,61444,6964,0,4,3,false,69.96
Marchewa,Mid,Ja w sprawie pumy,QKhtzVVV8VdBFDdkMOH9,8427007639,Queen of Pain,29.0,false,10,2,14,589,640,170,33,16694,31579,3910,277,0,0,false,80.64
Marchewa,Mid,Ja w sprawie pumy,QKhtzVVV8VdBFDdkMOH9,8427065180,Puck,51.7,true,7,8,11,664,1017,497,20,29735,49056,11083,0,0,0,false,45.39
Marchewa,Mid,Ja w sprawie pumy,qBB79nAFp7mJrTLXe0LO,8425462431,Queen of Pain,34.8,true,17,5,15,710,859,240,36,23762,47891,5923,0,3,1,1,115.83
Marchewa,Mid,Ja w sprawie pumy,qBB79nAFp7mJrTLXe0LO,8425542396,Viper,31.9,false,7,6,13,541,621,136,46,15331,24009,9795,0,4,5,false,66.25
narcotics,Carry,Tomek i Przyjaciele,0Q1zNJl50nhaAU2aN3cJ,8421512161,Lifestealer,32.8,true,9,0,20,687,839,291,38,22766,35556,8806,1904,0,0,false,95.43
narcotics,Carry,Tomek i Przyjaciele,0Q1zNJl50nhaAU2aN3cJ,8421585719,Lina,38.7,true,10,4,8,574,636,310,25,18172,25295,5973,0,0,0,false,27.26
narcotics,Carry,Tomek i Przyjaciele,GjEqnxXjgov0xsBCJUi4,8424355820,Queen of Pain,56.6,true,12,3,21,685,1015,481,19,34539,33334,5764,0,0,0,false,44.93
narcotics,Carry,Tomek i Przyjaciele,GjEqnxXjgov0xsBCJUi4,8424434859,Ursa,42.1,true,18,3,10,728,941,346,21,30064,38546,13404,125,0,0,false,90.97
narcotics,Carry,Tomek i Przyjaciele,e5rACO40T7qW0F1dWAdh,8425580766,Abaddon,42.0,false,16,2,19,831,1018,415,19,35565,51511,18306,240,0,0,false,99.77
narcotics,Carry,Tomek i Przyjaciele,e5rACO40T7qW0F1dWAdh,8425669736,Queen of Pain,42.9,true,17,2,22,752,1027,363,24,30875,46259,12004,125,0,0,false,95.12
Naavle,Offlane,Ja w sprawie pumy,7VdHDXHUb0uSjOOiaD9r,8429996273,Dark Seer,54.8,false,7,5,21,572,700,355,3,29043,39198,3129,3986,8,1,false,54.10
Naavle,Offlane,Ja w sprawie pumy,QKhtzVVV8VdBFDdkMOH9,8427007639,Vengeful Spirit,29.0,false,5,9,19,514,591,133,14,13409,18747,4439,0,0,0,false,83.86
Naavle,Offlane,Ja w sprawie pumy,QKhtzVVV8VdBFDdkMOH9,8427065180,Lycan,51.7,true,8,5,10,744,716,535,19,36750,23342,15978,1109,0,0,false,48.60
Naavle,Offlane,Ja w sprawie pumy,qBB79nAFp7mJrTLXe0LO,8425462431,Enigma,34.8,true,7,4,20,539,531,159,16,18296,14397,13695,1272,1,0,false,91.72
Naavle,Offlane,Ja w sprawie pumy,qBB79nAFp7mJrTLXe0LO,8425542396,Vengeful Spirit,31.9,false,12,8,16,595,825,161,16,17349,27689,11993,0,2,0,1,98.99
I have sex with dragons,Mid,Doink and Destroy,bJ0rMbzMkwqlqGIpNtFU,8431737496,Monkey King,33.6,true,18,2,14,557,571,153,15,18225,28147,6982,0,0,0,false,89.26
I have sex with dragons,Mid,Doink and Destroy,bJ0rMbzMkwqlqGIpNtFU,8431808477,Puck,27.8,false,14,0,16,668,824,174,9,18617,33016,13122,0,0,0,false,120.48
I have sex with dragons,Mid,Doink and Destroy,rVnxdKKTINcYVXbkO4mx,8425761247,Ember Spirit,48.7,true,9,6,23,587,943,286,8,25332,33083,4512,0,2,1,false,56.21
I have sex with dragons,Mid,Doink and Destroy,rVnxdKKTINcYVXbkO4mx,8425833128,Puck,33.5,true,6,4,6,480,544,228,4,15095,18345,834,0,1,0,false,35.63
Gandalf1k,Mid,Psychiatryk,0Q1zNJl50nhaAU2aN3cJ,8421512161,Shadow Fiend,32.8,true,10,5,5,527,595,245,19,15282,29032,2543,0,2,1,false,48.02
Gandalf1k,Mid,Psychiatryk,0Q1zNJl50nhaAU2aN3cJ,8421585719,Shadow Fiend,38.7,true,19,1,8,770,853,346,16,28685,41900,15311,0,0,0,false,89.28
Gandalf1k,Mid,Psychiatryk,FTvntoZjHD52ms6pccPb,8421352850,Queen of Pain,39.8,true,10,3,11,552,750,267,15,19810,36221,985,0,0,0,false,36.25
Gandalf1k,Mid,Psychiatryk,FTvntoZjHD52ms6pccPb,8421438029,Shadow Fiend,29.7,true,13,3,13,765,791,266,6,22230,22209,15495,0,2,1,false,124.51
Andrzej,Offlane,Na Pałę Gaming,Lv845NrM8afwFJdojNzo,8431472168,Bristleback,41.6,false,8,3,23,561,809,225,8,21491,29010,12499,0,0,0,false,86.35
Andrzej,Offlane,Na Pałę Gaming,Lv845NrM8afwFJdojNzo,8431562935,Dazzle,53.1,false,12,12,28,595,868,312,5,17955,53804,1045,19208,0,0,false,56.69
Andrzej,Offlane,Na Pałę Gaming,WUmUm5A7K1M3hEBGW9Id,8431743470,Lifestealer,59.6,false,13,7,20,643,926,504,22,29480,66265,1891,2158,0,0,false,44.73
Andrzej,Offlane,Na Pałę Gaming,YedL46rBgycGyaVhgWWx,8424208586,Undying,36.2,true,7,4,23,599,787,261,13,20909,25132,3120,0,0,0,false,86.28
Andrzej,Offlane,Na Pałę Gaming,YedL46rBgycGyaVhgWWx,8424286523,Bristleback,42.3,false,15,1,18,844,1255,495,9,30973,68234,17964,125,0,0,false,98.05
Pocieszny,Offlane,Jest Letko,035zBZ2Imgb9kIdncdiu,8431635715,Night Stalker,18.2,false,7,0,9,488,488,87,21,9148,11375,1053,0,0,0,false,129.00
Pocieszny,Offlane,Jest Letko,035zBZ2Imgb9kIdncdiu,8431689704,Tidehunter,47.1,true,7,7,19,519,745,329,12,21912,25035,1713,1661,0,0,false,52.09
Pocieszny,Offlane,Jest Letko,Iu1EMsFvKkOJMrwB8ejz,8431817540,Hero129,38.5,false,2,6,26,457,595,214,27,15901,20770,1566,195,0,0,false,68.10
Pocieszny,Offlane,Jest Letko,Iu1EMsFvKkOJMrwB8ejz,8431886203,Underlord,42.2,true,3,7,17,543,658,312,13,22943,11327,3650,274,0,0,false,46.95
LEON ZAWODOWIEC,Hard Support,Frankfurt Beast Awakened,dkucLWvJIO2roXspBUVu,8427012288,Lich,55.1,false,2,12,22,298,564,69,0,12358,12771,194,192,0,0,false,57.97
LEON ZAWODOWIEC,Hard Support,Frankfurt Beast Awakened,dkucLWvJIO2roXspBUVu,8427106246,Jakiro,39.1,true,1,10,27,382,472,60,0,12912,19975,3679,125,0,0,false,88.85
SZYMI,Offlane,CINCO PERROS,KWrwrjEWK7yL7r6GOipp,8422934138,Axe,39.3,true,13,4,8,486,495,148,12,18668,16370,3511,0,0,0,false,78.85
SZYMI,Offlane,CINCO PERROS,o2H30RJvnYByDcM2dINB,8427048629,Axe,46.7,false,11,6,20,562,757,280,6,22351,28301,1679,0,0,0,false,62.07
SZYMI,Offlane,CINCO PERROS,zagQRJf7HdWq3ma7rp09,8425659528,Tidehunter,32.9,true,10,4,20,527,633,151,2,17004,12544,3095,3967,0,0,false,91.37
SZYMI,Offlane,CINCO PERROS,zagQRJf7HdWq3ma7rp09,8425728381,Vengeful Spirit,55.4,false,11,6,25,482,790,196,10,24994,28330,4828,0,0,0,false,61.29
WarolKojtyła,Offlane,Kępski Kryształ,QYBH3H6V9svJ6ZBTiujb,8428433681,Axe,27.9,false,3,8,4,308,300,77,7,7269,10427,0,0,0,0,false,3.92
WarolKojtyła,Offlane,Kępski Kryształ,QYBH3H6V9svJ6ZBTiujb,8428504518,Night Stalker,48.2,true,10,5,24,427,665,197,10,17911,22770,3140,0,0,0,false,76.82
WarolKojtyła,Offlane,Kępski Kryształ,qI7VXf0guiGVmK4TYnNb,8429515972,Hero129,39.3,false,7,4,24,510,600,188,7,18566,18054,4512,3459,0,0,false,88.40
WarolKojtyła,Offlane,Kępski Kryształ,qI7VXf0guiGVmK4TYnNb,8429622448,Axe,22.9,true,9,2,14,499,443,95,7,11202,14232,2017,0,0,0,1,122.90
Nelhael,Soft Support,Chief Industries,rVnxdKKTINcYVXbkO4mx,8425761247,Lion,48.7,true,4,13,15,285,413,20,0,11440,7664,0,0,3,13,1,43.79
Nelhael,Soft Support,Chief Industries,rVnxdKKTINcYVXbkO4mx,8425833128,Jakiro,33.5,true,4,8,21,373,410,56,2,12982,13607,1223,0,1,6,false,101.39
Joxxi,Mid,CINCO PERROS,KWrwrjEWK7yL7r6GOipp,8422934138,Pudge,39.3,true,9,1,20,568,725,233,4,21688,17134,1594,0,3,1,false,75.98
Joxxi,Mid,CINCO PERROS,o2H30RJvnYByDcM2dINB,8427048629,Ogre Magi,46.7,false,7,12,32,671,908,295,14,23921,41329,2292,0,0,0,false,59.87
Joxxi,Mid,CINCO PERROS,zagQRJf7HdWq3ma7rp09,8425659528,Monkey King,32.9,true,14,7,14,634,806,188,11,19793,26151,7008,0,0,0,false,83.93
Joxxi,Mid,CINCO PERROS,zagQRJf7HdWq3ma7rp09,8425728381,Skywrath Mage,55.4,false,16,7,26,662,937,415,11,31154,78158,1716,159,0,0,false,67.21
Somebody,Hard Support,Sparta Sklejka Orzechowo,035zBZ2Imgb9kIdncdiu,8431635715,Bane,18.2,false,0,5,1,154,205,10,1,2142,4938,0,320,2,10,false,66.37
Somebody,Hard Support,Sparta Sklejka Orzechowo,035zBZ2Imgb9kIdncdiu,8431689704,Lion,47.1,true,3,10,15,284,439,60,3,9754,12351,247,0,15,31,false,122.00
Somebody,Hard Support,Sparta Sklejka Orzechowo,8izHfg1EpvoQPeBeucBB,8431414850,Shadow Shaman,40.1,true,1,16,8,294,447,62,2,8848,11407,1560,0,0,0,false,13.11
Somebody,Hard Support,Sparta Sklejka Orzechowo,8izHfg1EpvoQPeBeucBB,8431510310,Shadow Demon,42.2,true,2,5,21,350,556,86,6,13792,9695,625,1151,0,0,false,83.55
Lil_TILT,Soft Support,Doink and Destroy,bJ0rMbzMkwqlqGIpNtFU,8431737496,Invoker,33.6,true,3,1,24,326,430,39,4,10631,15541,2414,2698,0,0,false,79.37
Lil_TILT,Soft Support,Doink and Destroy,bJ0rMbzMkwqlqGIpNtFU,8431808477,Hero135,27.8,false,0,1,25,380,515,139,3,10900,9264,1622,6275,0,0,false,86.27
Lil_TILT,Soft Support,Doink and Destroy,rVnxdKKTINcYVXbkO4mx,8425761247,Vengeful Spirit,48.7,true,1,10,32,365,583,117,2,14437,13395,711,125,6,12,false,73.41
Lil_TILT,Soft Support,Doink and Destroy,rVnxdKKTINcYVXbkO4mx,8425833128,Vengeful Spirit,33.5,true,0,12,9,242,360,59,2,6803,7006,238,0,3,9,false,44.89
RICKY,Soft Support,CINCO PERROS,KWrwrjEWK7yL7r6GOipp,8422934138,Skywrath Mage,39.3,true,2,6,20,345,479,66,2,10273,16163,989,969,8,22,false,125.37
RICKY,Soft Support,CINCO PERROS,o2H30RJvnYByDcM2dINB,8427048629,Mars,46.7,false,9,14,17,340,564,43,1,11697,12476,224,346,0,0,false,47.54
RICKY,Soft Support,CINCO PERROS,zagQRJf7HdWq3ma7rp09,8425659528,Windranger,32.9,true,2,6,13,346,374,62,3,9852,9523,3119,0,0,0,false,54.04
RICKY,Soft Support,CINCO PERROS,zagQRJf7HdWq3ma7rp09,8425728381,Witch Doctor,55.4,false,10,12,31,392,627,40,4,16672,40813,1528,16035,0,0,false,53.41
Steven Senegal,Soft Support,Tango Buraczane,FTvntoZjHD52ms6pccPb,8421352850,Weaver,39.8,true,6,10,22,447,656,123,1,15505,15915,1050,344,0,0,false,68.68
Steven Senegal,Soft Support,Tango Buraczane,FTvntoZjHD52ms6pccPb,8421438029,Batrider,29.7,true,0,15,10,289,369,84,0,6483,10856,71,0,6,10,false,50.40
Steven Senegal,Soft Support,Tango Buraczane,e5rACO40T7qW0F1dWAdh,8425580766,Weaver,42.0,false,7,12,10,351,501,129,3,11066,16786,867,125,7,16,false,81.59
Steven Senegal,Soft Support,Tango Buraczane,e5rACO40T7qW0F1dWAdh,8425669736,Riki,42.9,true,5,14,23,367,534,92,5,11936,16157,0,0,8,14,false,70.76
OnlyMatt,Carry,Skorupiaki ,sHRVKy03EAKtc77DllAr,8431660021,Medusa,43.5,true,12,1,15,919,1166,624,5,38661,59476,18669,0,0,0,false,66.91
dave,Mid,divine 640x480,Lv845NrM8afwFJdojNzo,8431472168,Timbersaw,41.6,false,12,6,13,601,794,352,6,22656,55766,752,432,0,0,false,47.39
dave,Mid,divine 640x480,Lv845NrM8afwFJdojNzo,8431562935,Death Prophet,53.1,false,25,8,30,782,1068,448,10,36915,68620,9374,212,0,0,false,94.66
dave,Mid,divine 640x480,fxOJREbrQkftjXT3i4My,8425738638,Invoker,34.1,false,5,3,3,578,628,295,25,19392,10462,1611,0,2,1,false,18.01
dave,Mid,divine 640x480,fxOJREbrQkftjXT3i4My,8425795013,Nature's Prophet,25.5,true,6,3,17,584,782,195,14,14758,20841,354,1286,1,0,false,74.47
dave,Mid,divine 640x480,g8PuQI3pdTqTaVGQt09X,8425582145,Lycan,33.2,true,7,1,10,658,715,260,12,21967,14475,16035,0,1,1,false,71.79
dave,Mid,divine 640x480,g8PuQI3pdTqTaVGQt09X,8425651280,Queen of Pain,32.5,true,10,0,20,594,870,210,13,18737,38146,5369,106,0,0,false,88.73
Ciptok,Carry,Na Pałę Gaming,Lv845NrM8afwFJdojNzo,8431472168,Necrophos,41.6,false,26,2,15,944,1249,501,7,39056,81908,5221,14623,0,0,false,90.35
Ciptok,Carry,Na Pałę Gaming,Lv845NrM8afwFJdojNzo,8431562935,Weaver,53.1,false,24,6,18,810,1252,514,17,29372,76447,12532,0,0,0,false,63.17
Ciptok,Carry,Na Pałę Gaming,WUmUm5A7K1M3hEBGW9Id,8431743470,Brewmaster,59.6,false,8,8,25,632,1079,509,4,30361,49635,1202,0,0,0,false,22.73
Ciptok,Carry,Na Pałę Gaming,YedL46rBgycGyaVhgWWx,8424208586,Nature's Prophet,36.2,true,20,3,13,970,1267,462,6,34117,41252,19542,883,0,0,false,95.41
Ciptok,Carry,Na Pałę Gaming,YedL46rBgycGyaVhgWWx,8424286523,Io,42.3,false,10,6,14,747,1151,468,1,27082,52176,5955,13014,0,0,false,52.73
Niepokonany Kruszon,Soft Support,Obrona Częstochowy,5vs3LDQT5Eg4AJULmx8x,8422959064,Lion,64.4,false,2,12,21,304,632,40,1,14898,16543,535,0,9,15,false,64.32
Niepokonany Kruszon,Soft Support,Obrona Częstochowy,5vs3LDQT5Eg4AJULmx8x,8423054658,Witch Doctor,46.9,true,18,11,25,397,634,43,1,16469,28742,555,4869,0,0,false,70.37
Niepokonany Kruszon,Soft Support,Obrona Częstochowy,qBB79nAFp7mJrTLXe0LO,8425462431,Disruptor,34.8,true,0,14,11,223,245,39,0,5883,8413,90,0,2,9,false,35.22
Niepokonany Kruszon,Soft Support,Obrona Częstochowy,qBB79nAFp7mJrTLXe0LO,8425542396,Witch Doctor,31.9,false,8,8,16,385,518,35,3,9885,19381,19,557,5,11,false,89.57
Yosa,Offlane,Meld z Zaskoczenia,5vs3LDQT5Eg4AJULmx8x,8422959064,Tidehunter,64.4,false,6,8,22,565,827,460,7,30827,28990,3578,8228,0,0,false,44.87
Yosa,Offlane,Meld z Zaskoczenia,5vs3LDQT5Eg4AJULmx8x,8423054658,Abaddon,46.9,true,9,13,18,523,912,231,7,19744,32072,1740,0,0,0,false,37.98
Yosa,Offlane,Meld z Zaskoczenia,O2LdqqxZsyHobulI9Esd,8421550291,Abaddon,39.2,false,9,6,14,623,1025,292,8,23587,25166,7835,8427,0,0,false,65.86
Yosa,Offlane,Meld z Zaskoczenia,O2LdqqxZsyHobulI9Esd,8421628982,Hero135,40.9,true,5,6,21,596,845,304,9,26383,24178,5284,13254,0,0,false,72.07
Yosa,Offlane,Meld z Zaskoczenia,QYBH3H6V9svJ6ZBTiujb,8428433681,Ursa,27.9,false,10,5,6,699,805,277,13,19320,15602,6115,0,0,0,false,75.80
Yosa,Offlane,Meld z Zaskoczenia,QYBH3H6V9svJ6ZBTiujb,8428504518,Wraith King,48.2,true,14,5,25,691,1019,415,15,31341,48383,9366,0,0,0,false,87.61
Dziadek,Soft Support,Meld z Zaskoczenia,5vs3LDQT5Eg4AJULmx8x,8422959064,Silencer,64.4,false,2,14,23,287,442,78,2,13348,12669,1253,0,7,13,false,59.93
Dziadek,Soft Support,Meld z Zaskoczenia,5vs3LDQT5Eg4AJULmx8x,8423054658,Undying,46.9,true,4,11,25,316,505,46,4,12914,12324,34,1085,0,0,false,40.98
Dziadek,Soft Support,Meld z Zaskoczenia,7VdHDXHUb0uSjOOiaD9r,8429996273,Jakiro,54.8,false,3,8,14,290,524,118,1,12805,13643,1794,40,3,6,false,35.45
Dziadek,Soft Support,Meld z Zaskoczenia,O2LdqqxZsyHobulI9Esd,8421550291,Jakiro,39.2,false,0,9,10,267,390,33,1,10535,8042,1238,0,5,13,false,61.69
Dziadek,Soft Support,Meld z Zaskoczenia,O2LdqqxZsyHobulI9Esd,8421628982,Rubick,40.9,true,5,9,19,363,422,83,1,14729,8846,697,0,5,9,false,82.64
Dziadek,Soft Support,Meld z Zaskoczenia,QYBH3H6V9svJ6ZBTiujb,8428433681,Void Spirit,27.9,false,1,4,13,312,379,19,1,9402,8779,2004,0,4,5,false,75.83
Dziadek,Soft Support,Meld z Zaskoczenia,QYBH3H6V9svJ6ZBTiujb,8428504518,Void Spirit,48.2,true,6,12,27,379,615,70,5,15845,16857,1492,3501,6,8,false,76.64
Trzmielsko at the rock bottom,Offlane,Chief Industries,rVnxdKKTINcYVXbkO4mx,8425761247,Kunkka,48.7,true,2,9,24,516,652,296,4,20369,22632,0,0,0,0,false,35.83
Trzmielsko at the rock bottom,Offlane,Chief Industries,rVnxdKKTINcYVXbkO4mx,8425833128,Hero135,33.5,true,10,5,17,645,773,287,3,20237,25575,1071,4705,0,0,false,84.27
Vogel,Offlane,Skorupiaki ,sHRVKy03EAKtc77DllAr,8431660021,Tidehunter,43.5,true,5,5,19,628,769,342,8,26364,17571,5675,2192,0,0,false,60.00
HeLLYeAH,Offlane,Tomek i Przyjaciele,0Q1zNJl50nhaAU2aN3cJ,8421512161,Axe,32.8,true,12,4,16,514,668,142,9,16513,19285,1323,0,0,0,false,89.22
HeLLYeAH,Offlane,Tomek i Przyjaciele,0Q1zNJl50nhaAU2aN3cJ,8421585719,Legion Commander,38.7,true,4,9,9,313,316,125,6,11027,19563,97,624,0,0,false,17.44
HeLLYeAH,Offlane,Tomek i Przyjaciele,GjEqnxXjgov0xsBCJUi4,8424355820,Legion Commander,56.6,true,9,7,16,475,758,233,18,23222,27500,385,2016,0,0,false,42.02
HeLLYeAH,Offlane,Tomek i Przyjaciele,GjEqnxXjgov0xsBCJUi4,8424434859,Tidehunter,42.1,true,2,2,25,486,647,209,6,19407,14483,3187,6098,0,0,false,68.06
HeLLYeAH,Offlane,Tomek i Przyjaciele,e5rACO40T7qW0F1dWAdh,8425580766,Axe,42.0,false,10,4,21,494,577,171,14,19275,27018,1888,0,0,0,1,74.58
HeLLYeAH,Offlane,Tomek i Przyjaciele,e5rACO40T7qW0F1dWAdh,8425669736,Legion Commander,42.9,true,10,6,19,467,632,143,11,17524,25674,3150,684,0,0,false,67.00
Juxi1337,Carry,CINCO PERROS,KWrwrjEWK7yL7r6GOipp,8422934138,Drow Ranger,39.3,true,9,3,9,751,856,371,5,27921,28780,22644,0,1,0,false,56.57
Juxi1337,Carry,CINCO PERROS,o2H30RJvnYByDcM2dINB,8427048629,Medusa,46.7,false,11,6,26,865,1109,596,11,38975,56387,21150,0,0,0,false,66.55
Juxi1337,Carry,CINCO PERROS,zagQRJf7HdWq3ma7rp09,8425659528,Anti-Mage,32.9,true,7,3,19,717,896,301,6,22760,20941,11654,0,0,0,false,63.35
Juxi1337,Carry,CINCO PERROS,zagQRJf7HdWq3ma7rp09,8425728381,Spectre,55.4,false,10,8,33,694,1033,496,4,33792,64954,9100,0,0,0,false,52.20
Haos_Maker,Hard Support,Skorupiaki ,sHRVKy03EAKtc77DllAr,8431660021,Ogre Magi,43.5,true,2,10,15,357,414,36,0,13754,11286,333,0,0,0,false,59.63
Chomik,Soft Support,Frankfurt Beast Awakened,dkucLWvJIO2roXspBUVu,8427012288,Windranger,55.1,false,5,5,21,363,610,169,10,17985,12368,1820,0,0,0,false,49.25
Chomik,Soft Support,Frankfurt Beast Awakened,dkucLWvJIO2roXspBUVu,8427106246,Abaddon,39.1,true,5,8,20,356,484,40,2,14024,14270,1940,2791,0,0,false,69.43
LAKOS,Offlane,Frankfurt Beast Awakened,dkucLWvJIO2roXspBUVu,8427012288,Razor,55.1,false,3,6,14,555,867,459,18,28976,27932,4657,0,0,0,false,33.14
LAKOS,Offlane,Frankfurt Beast Awakened,dkucLWvJIO2roXspBUVu,8427106246,Tidehunter,39.1,true,6,4,26,551,661,219,4,20343,22503,5076,3923,0,0,false,84.93
Bocian,Mid,Jest Letko,035zBZ2Imgb9kIdncdiu,8431635715,Queen of Pain,18.2,false,5,0,7,430,477,81,10,7649,15637,413,0,2,1,false,68.57
Bocian,Mid,Jest Letko,035zBZ2Imgb9kIdncdiu,8431689704,Outworld Destroyer,47.1,true,11,3,8,572,773,322,10,25889,28361,3078,0,1,0,false,47.18
Bocian,Mid,Jest Letko,Iu1EMsFvKkOJMrwB8ejz,8431817540,Queen of Pain,38.5,false,9,3,18,581,895,250,19,21266,37924,2417,0,1,1,false,68.65
Bocian,Mid,Jest Letko,Iu1EMsFvKkOJMrwB8ejz,8431886203,Arc Warden,42.2,true,7,2,15,780,882,478,9,31878,27863,5986,0,1,1,false,51.47
Agressiv,Carry,Doink and Destroy,bJ0rMbzMkwqlqGIpNtFU,8431737496,Lifestealer,33.6,true,7,1,15,680,710,335,32,22644,16304,8263,1590,0,0,false,51.65
Agressiv,Carry,Doink and Destroy,bJ0rMbzMkwqlqGIpNtFU,8431808477,Ursa,27.8,false,18,2,9,665,592,187,22,18136,21973,6226,0,0,0,false,90.75
Agressiv,Carry,Doink and Destroy,rVnxdKKTINcYVXbkO4mx,8425761247,Phantom Lancer,48.7,true,17,4,18,750,923,456,17,29102,33795,8804,0,0,0,false,78.67
Agressiv,Carry,Doink and Destroy,rVnxdKKTINcYVXbkO4mx,8425833128,Wraith King,33.5,true,6,6,7,529,564,266,11,16477,17255,1484,0,0,0,false,11.98
SBK,Carry,gwiazda,o2H30RJvnYByDcM2dINB,8427048629,Nature's Prophet,46.7,false,20,7,20,967,1271,697,6,36605,55474,4139,835,0,0,false,57.31
Whalesdontflop,Soft Support,divine 640x480,Lv845NrM8afwFJdojNzo,8431472168,Shadow Shaman,41.6,false,0,15,12,217,295,32,1,7123,15035,0,0,0,0,false,12.80
Whalesdontflop,Soft Support,divine 640x480,Lv845NrM8afwFJdojNzo,8431562935,Jakiro,53.1,false,4,16,21,293,536,39,4,13006,13232,1160,0,0,0,false,40.05
Whalesdontflop,Soft Support,divine 640x480,fxOJREbrQkftjXT3i4My,8425738638,Jakiro,34.1,false,2,12,5,186,182,22,1,5060,8715,70,0,6,10,false,33.64
Whalesdontflop,Soft Support,divine 640x480,fxOJREbrQkftjXT3i4My,8425795013,Venomancer,25.5,true,4,6,7,243,256,22,0,7082,6325,525,0,3,8,false,81.20
Whalesdontflop,Soft Support,divine 640x480,g8PuQI3pdTqTaVGQt09X,8425582145,Jakiro,33.2,true,2,2,14,297,375,34,2,10621,8500,2173,0,5,9,false,92.40
Whalesdontflop,Soft Support,divine 640x480,g8PuQI3pdTqTaVGQt09X,8425651280,Venomancer,32.5,true,3,4,26,305,485,46,2,9620,19267,2105,0,0,0,false,83.19
DuelMaister,Mid,Chief Industries,rVnxdKKTINcYVXbkO4mx,8425761247,Leshrac,48.7,true,11,5,14,670,884,452,8,27487,32250,58,0,2,2,false,50.87
DuelMaister,Mid,Chief Industries,rVnxdKKTINcYVXbkO4mx,8425833128,Pudge,33.5,true,5,2,17,573,632,260,7,18747,21117,3580,0,2,0,false,61.17
Benito,Mid,Frankfurt Beast Awakened,dkucLWvJIO2roXspBUVu,8427012288,Hero135,55.1,false,10,3,12,814,1208,691,8,40791,35524,1968,7998,0,0,false,38.52
Benito,Mid,Frankfurt Beast Awakened,dkucLWvJIO2roXspBUVu,8427106246,Ember Spirit,39.1,true,12,6,17,534,689,163,13,19311,36931,9088,0,0,0,false,72.10
OgnistyPszemek,Carry,Kępski Kryształ,QYBH3H6V9svJ6ZBTiujb,8428433681,Riki,27.9,false,4,4,2,403,395,128,14,10433,8828,0,0,0,0,false,-5.69
OgnistyPszemek,Carry,Kępski Kryształ,QYBH3H6V9svJ6ZBTiujb,8428504518,Nature's Prophet,48.2,true,11,8,26,720,823,538,13,29701,51456,5554,3674,0,0,1,43.21
OgnistyPszemek,Carry,Kępski Kryształ,qI7VXf0guiGVmK4TYnNb,8429515972,Drow Ranger,39.3,false,21,1,9,747,631,317,21,29620,42393,15155,0,0,0,1,117.19
OgnistyPszemek,Carry,Kępski Kryształ,qI7VXf0guiGVmK4TYnNb,8429622448,Nature's Prophet,22.9,true,4,1,19,597,589,165,14,13578,12427,5668,480,0,0,false,62.88
Draken,Carry,Chief Industries,rVnxdKKTINcYVXbkO4mx,8425761247,Luna,48.7,true,15,8,11,855,1154,590,2,34581,49380,16286,0,1,0,false,55.45
Draken,Carry,Chief Industries,rVnxdKKTINcYVXbkO4mx,8425833128,Juggernaut,33.5,true,5,2,8,807,846,480,20,26268,13120,18798,18243,1,1,false,50.46
DelgadO,Carry,Frankfurt Beast Awakened,dkucLWvJIO2roXspBUVu,8427012288,Drow Ranger,55.1,false,15,2,7,718,955,589,16,38328,60391,13385,0,0,0,false,48.40
DelgadO,Carry,Frankfurt Beast Awakened,dkucLWvJIO2roXspBUVu,8427106246,Lifestealer,39.1,true,14,3,11,606,789,249,21,22358,22398,9741,1391,0,0,false,57.33
Warkow,Carry,Obrona Częstochowy,5vs3LDQT5Eg4AJULmx8x,8422959064,Medusa,64.4,false,22,2,12,911,1075,873,3,56690,76146,10758,0,0,0,1,77.52
Warkow,Carry,Obrona Częstochowy,5vs3LDQT5Eg4AJULmx8x,8423054658,Hero138,46.9,true,18,7,25,774,1144,414,20,33220,64586,6444,0,0,0,false,72.07
Warkow,Carry,Obrona Częstochowy,qBB79nAFp7mJrTLXe0LO,8425462431,Spectre,34.8,true,8,0,8,592,768,306,14,20112,23696,0,0,1,0,false,37.64
Warkow,Carry,Obrona Częstochowy,qBB79nAFp7mJrTLXe0LO,8425542396,Pudge,31.9,false,9,10,11,529,606,194,5,13736,15271,306,0,0,0,false,22.63
PMORE,Soft Support,Klałn Fiesta,GjEqnxXjgov0xsBCJUi4,8424355820,Lion,56.6,true,4,11,21,286,459,42,1,12249,10263,0,0,10,18,false,61.38
PMORE,Soft Support,Klałn Fiesta,GjEqnxXjgov0xsBCJUi4,8424434859,Shadow Shaman,42.1,true,2,10,9,269,357,71,1,8641,11282,120,0,3,11,false,43.44
markoo_tgcru,Soft Support,Bubliny Team,WUmUm5A7K1M3hEBGW9Id,8431743470,Venomancer,59.6,false,3,15,31,376,675,143,6,18997,36764,820,904,0,0,false,39.68
markoo_tgcru,Soft Support,Bubliny Team,fxOJREbrQkftjXT3i4My,8425738638,Nature's Prophet,34.1,false,9,1,14,683,690,333,9,22967,22433,7394,875,1,1,false,104.77
markoo_tgcru,Soft Support,Bubliny Team,fxOJREbrQkftjXT3i4My,8425795013,Windranger,25.5,true,4,4,3,374,462,127,16,9402,5871,156,0,2,0,false,11.69
kage,Offlane,Obrona Częstochowy,5vs3LDQT5Eg4AJULmx8x,8422959064,Hero129,64.4,false,11,9,22,560,818,419,3,25712,33220,1870,0,1,0,false,51.54
kage,Offlane,Obrona Częstochowy,5vs3LDQT5Eg4AJULmx8x,8423054658,Hero135,46.9,true,10,8,39,571,1029,305,4,20119,37016,1690,8644,0,0,false,94.32
kage,Offlane,Obrona Częstochowy,qBB79nAFp7mJrTLXe0LO,8425462431,Axe,34.8,true,3,7,9,451,506,225,14,12960,20973,80,0,0,2,false,20.87
kage,Offlane,Obrona Częstochowy,qBB79nAFp7mJrTLXe0LO,8425542396,Hero129,31.9,false,6,6,14,475,534,189,14,12609,15248,533,0,0,0,false,40.74
janek,Soft Support,Na Pałę Gaming,Lv845NrM8afwFJdojNzo,8431472168,Jakiro,41.6,false,7,10,23,379,372,67,0,13738,19268,4507,125,0,0,false,70.74
janek,Soft Support,Na Pałę Gaming,Lv845NrM8afwFJdojNzo,8431562935,Axe,53.1,false,12,15,18,344,395,73,1,13595,30846,0,0,0,0,false,35.64
janek,Soft Support,Na Pałę Gaming,WUmUm5A7K1M3hEBGW9Id,8431743470,Pugna,59.6,false,6,12,23,303,484,101,1,12373,30619,2778,10623,0,0,false,35.67
janek,Soft Support,Na Pałę Gaming,YedL46rBgycGyaVhgWWx,8424208586,Hero135,36.2,true,1,7,23,435,571,170,2,14430,16060,1091,9015,0,0,false,68.17
janek,Soft Support,Na Pałę Gaming,YedL46rBgycGyaVhgWWx,8424286523,Pugna,42.3,false,2,7,15,303,428,60,2,9830,15249,1465,11207,0,0,false,45.97
Admiral R-d,Soft Support,Pora na Przygode,KWrwrjEWK7yL7r6GOipp,8422934138,Windranger,39.3,true,4,5,7,331,468,126,1,11383,18525,0,0,4,10,false,50.95
Narrator,Soft Support,Psychiatryk,0Q1zNJl50nhaAU2aN3cJ,8421512161,Lion,32.8,true,2,8,3,197,294,13,0,5586,6030,0,0,4,7,false,19.15
Narrator,Soft Support,Psychiatryk,0Q1zNJl50nhaAU2aN3cJ,8421585719,Lion,38.7,true,0,6,15,253,400,5,0,8745,5031,171,0,0,0,false,45.96
Narrator,Soft Support,Psychiatryk,FTvntoZjHD52ms6pccPb,8421352850,Silencer,39.8,true,1,5,13,266,372,25,2,10292,15829,563,0,0,0,false,27.84
Narrator,Soft Support,Psychiatryk,FTvntoZjHD52ms6pccPb,8421438029,Lion,29.7,true,5,4,23,368,539,11,1,11731,8881,521,0,4,6,false,107.25
papież,Mid,Tango Buraczane,FTvntoZjHD52ms6pccPb,8421352850,Chaos Knight,39.8,true,11,5,6,610,706,295,6,21970,30469,4953,0,0,0,false,48.69
papież,Mid,Tango Buraczane,FTvntoZjHD52ms6pccPb,8421438029,Leshrac,29.7,true,14,5,3,658,821,276,7,17338,26068,0,0,1,0,false,66.85
papież,Mid,Tango Buraczane,e5rACO40T7qW0F1dWAdh,8425580766,Batrider,42.0,false,10,8,5,581,714,365,25,19910,27684,298,0,0,0,false,29.87
papież,Mid,Tango Buraczane,e5rACO40T7qW0F1dWAdh,8425669736,Ember Spirit,42.9,true,15,12,14,584,706,253,16,19263,69885,596,0,1,0,false,51.65
Smoku,Mid,Tomek i Przyjaciele,0Q1zNJl50nhaAU2aN3cJ,8421512161,Snapfire,32.8,true,7,3,13,482,646,154,5,15081,16367,1977,0,2,0,false,50.70
Smoku,Mid,Tomek i Przyjaciele,0Q1zNJl50nhaAU2aN3cJ,8421585719,Kez,38.7,true,1,5,11,388,419,196,7,12381,11159,1494,0,0,0,false,3.55
Smoku,Mid,Tomek i Przyjaciele,GjEqnxXjgov0xsBCJUi4,8424355820,Leshrac,56.6,true,10,8,14,533,629,299,11,24725,23935,6459,0,2,0,false,38.67
Smoku,Mid,Tomek i Przyjaciele,GjEqnxXjgov0xsBCJUi4,8424434859,Outworld Destroyer,42.1,true,9,3,11,567,684,258,21,23218,32719,4714,0,3,0,false,48.78
Smoku,Mid,Tomek i Przyjaciele,e5rACO40T7qW0F1dWAdh,8425580766,Kez,42.0,false,11,4,24,529,805,173,6,22049,24023,4499,0,1,0,false,83.95
Smoku,Mid,Tomek i Przyjaciele,e5rACO40T7qW0F1dWAdh,8425669736,Snapfire,42.9,true,10,8,24,505,743,168,7,20388,23281,3952,0,2,0,false,59.70
RKX,Offlane,divine 640x480,Lv845NrM8afwFJdojNzo,8431472168,Centaur Warrunner,41.6,false,5,11,11,445,515,236,2,16215,18317,0,0,0,0,false,19.86
RKX,Offlane,divine 640x480,Lv845NrM8afwFJdojNzo,8431562935,Hero135,53.1,false,5,12,38,539,973,307,4,26117,28575,1379,12667,0,0,false,69.25
RKX,Offlane,divine 640x480,fxOJREbrQkftjXT3i4My,8425738638,Slardar,34.1,false,0,10,4,334,356,157,9,10728,2705,0,0,0,0,false,-5.52
RKX,Offlane,divine 640x480,fxOJREbrQkftjXT3i4My,8425795013,Tidehunter,25.5,true,1,3,11,441,544,154,9,10961,7962,495,296,0,0,false,56.27
RKX,Offlane,divine 640x480,g8PuQI3pdTqTaVGQt09X,8425582145,Centaur Warrunner,33.2,true,3,3,14,519,565,247,12,16151,10225,1744,0,0,0,false,66.89
RKX,Offlane,divine 640x480,g8PuQI3pdTqTaVGQt09X,8425651280,Hero135,32.5,true,2,8,24,501,614,197,11,15270,18747,2368,3654,0,0,false,76.58
Dalkanan,Mid,Bubliny Team,WUmUm5A7K1M3hEBGW9Id,8431743470,Ursa,59.6,false,19,8,6,788,1100,601,9,38038,53320,9906,0,0,0,false,52.53
Dalkanan,Mid,Bubliny Team,fxOJREbrQkftjXT3i4My,8425738638,Witch Doctor,34.1,false,9,4,14,345,464,51,2,10664,12501,786,1482,6,11,false,49.33
Dalkanan,Mid,Bubliny Team,fxOJREbrQkftjXT3i4My,8425795013,Void Spirit,25.5,true,4,4,10,277,376,38,3,6238,11121,0,0,3,10,false,38.78
Psycho,Carry,Psychiatryk,0Q1zNJl50nhaAU2aN3cJ,8421512161,Luna,32.8,true,3,8,7,598,659,329,8,18010,22196,425,0,0,0,false,16.58
Psycho,Carry,Psychiatryk,0Q1zNJl50nhaAU2aN3cJ,8421585719,Monkey King,38.7,true,9,6,7,638,828,304,15,23402,25654,3529,0,0,0,false,38.53
Psycho,Carry,Psychiatryk,FTvntoZjHD52ms6pccPb,8421352850,Nature's Prophet,39.8,true,8,8,11,749,777,480,13,24262,35993,1286,2675,0,0,false,26.40
Psycho,Carry,Psychiatryk,FTvntoZjHD52ms6pccPb,8421438029,Gyrocopter,29.7,true,14,4,15,775,774,291,11,22207,30035,15393,0,0,0,1,105.31
Cienszki,Carry,Ja w sprawie pumy,7VdHDXHUb0uSjOOiaD9r,8429996273,Dragon Knight,54.8,false,5,6,16,639,1127,502,16,33891,31478,8148,0,0,0,false,30.40
Cienszki,Carry,Ja w sprawie pumy,QKhtzVVV8VdBFDdkMOH9,8427007639,Drow Ranger,29.0,false,9,1,13,686,766,241,35,19806,22458,9420,0,0,0,false,69.23
Cienszki,Carry,Ja w sprawie pumy,QKhtzVVV8VdBFDdkMOH9,8427065180,Lifestealer,51.7,true,5,6,7,630,881,448,28,30604,22221,1958,1687,0,0,false,19.00
Cienszki,Carry,Ja w sprawie pumy,qBB79nAFp7mJrTLXe0LO,8425462431,Drow Ranger,34.8,true,7,5,5,520,596,198,14,17433,13070,11044,0,0,0,false,45.07
Cienszki,Carry,Ja w sprawie pumy,qBB79nAFp7mJrTLXe0LO,8425542396,Drow Ranger,31.9,false,10,3,13,660,751,231,6,20662,14569,13066,0,0,0,false,67.92
zys (gwiazda),Mid,gwiazda,o2H30RJvnYByDcM2dINB,8427048629,Puck,46.7,false,13,8,20,649,935,371,1,23999,27718,988,0,0,0,false,44.59
Pinacik,Offlane,Bubliny Team,WUmUm5A7K1M3hEBGW9Id,8431743470,Hero135,59.6,false,8,5,22,677,1116,537,11,33549,53126,5018,18476,0,0,false,54.93
Pinacik,Offlane,Bubliny Team,fxOJREbrQkftjXT3i4My,8425738638,Dragon Knight,34.1,false,6,1,7,602,731,282,8,20760,12973,6211,0,0,0,false,58.91
Pinacik,Offlane,Bubliny Team,fxOJREbrQkftjXT3i4My,8425795013,Spirit Breaker,25.5,true,1,7,10,353,417,117,12,7577,8291,0,0,0,0,false,18.64
plugwallker,Offlane,gwiazda,o2H30RJvnYByDcM2dINB,8427048629,Hero135,46.7,false,6,11,24,508,721,283,5,19252,24091,294,6063,0,0,false,43.53
HatchedEnd,Mid,Skorupiaki ,sHRVKy03EAKtc77DllAr,8431660021,Puck,43.5,true,7,6,14,576,803,291,4,24483,29952,3106,106,0,0,false,43.51
grey magic,Offlane,Psychiatryk,0Q1zNJl50nhaAU2aN3cJ,8421512161,Centaur Warrunner,32.8,true,0,6,6,327,435,136,8,9615,9400,224,0,0,0,false,1.49
grey magic,Offlane,Psychiatryk,0Q1zNJl50nhaAU2aN3cJ,8421585719,Tidehunter,38.7,true,4,2,15,487,716,238,1,18333,8002,2196,400,0,0,false,54.17
grey magic,Offlane,Psychiatryk,FTvntoZjHD52ms6pccPb,8421352850,Dark Seer,39.8,true,3,4,11,398,493,188,13,14876,14049,405,4194,0,0,false,24.78
grey magic,Offlane,Psychiatryk,FTvntoZjHD52ms6pccPb,8421438029,Tidehunter,29.7,true,6,3,18,523,643,164,2,15387,14910,1752,5707,0,0,false,92.20
Rhanesh,Mid,Obrona Częstochowy,5vs3LDQT5Eg4AJULmx8x,8422959064,Leshrac,64.4,false,11,11,18,672,949,652,9,34322,57494,1420,53,1,3,false,43.80
Rhanesh,Mid,Obrona Częstochowy,5vs3LDQT5Eg4AJULmx8x,8423054658,Skywrath Mage,46.9,true,12,7,22,640,926,324,19,27632,43064,545,900,0,0,false,60.99
Rhanesh,Mid,Obrona Częstochowy,qBB79nAFp7mJrTLXe0LO,8425462431,Kez,34.8,true,4,11,11,425,444,193,10,13225,16450,701,0,2,1,false,50.22
Rhanesh,Mid,Obrona Częstochowy,qBB79nAFp7mJrTLXe0LO,8425542396,Windranger,31.9,false,4,8,9,366,492,102,17,10881,11126,46,196,2,2,false,13.54
Tarzy,Soft Support,Greatest Dota Team,YedL46rBgycGyaVhgWWx,8424208586,Silencer,36.2,true,1,8,21,317,405,60,14,10698,21730,0,0,0,0,false,53.24
Tarzy,Soft Support,Greatest Dota Team,YedL46rBgycGyaVhgWWx,8424286523,Silencer,42.3,false,6,12,15,324,422,46,9,11512,22752,0,0,0,0,false,35.98
Tarzy,Soft Support,Greatest Dota Team,g8PuQI3pdTqTaVGQt09X,8425582145,Hero128,33.2,true,4,13,6,248,284,46,2,6174,14778,0,355,4,11,false,48.11
Tarzy,Soft Support,Greatest Dota Team,g8PuQI3pdTqTaVGQt09X,8425651280,Legion Commander,32.5,true,5,9,7,387,500,133,6,10102,16802,523,1344,0,0,false,24.84
rutyna,Soft Support,drPingwin,O2LdqqxZsyHobulI9Esd,8421550291,Ogre Magi,39.2,false,6,5,10,359,481,49,1,12824,12718,428,0,3,6,false,41.87
rutyna,Soft Support,drPingwin,O2LdqqxZsyHobulI9Esd,8421628982,Vengeful Spirit,40.9,true,2,9,16,270,509,31,1,8755,11876,0,0,7,13,false,64.75
rutyna,Soft Support,drPingwin,QKhtzVVV8VdBFDdkMOH9,8427007639,Weaver,29.0,false,4,7,8,275,425,44,0,6201,9862,176,0,0,0,false,26.20
rutyna,Soft Support,drPingwin,QKhtzVVV8VdBFDdkMOH9,8427065180,Shadow Shaman,51.7,true,1,5,16,310,438,85,5,12498,9273,8571,0,0,0,false,33.50
rutyna,Soft Support,drPingwin,qI7VXf0guiGVmK4TYnNb,8429515972,Shadow Shaman,39.3,false,2,10,8,292,239,46,0,8998,5818,728,0,5,17,false,54.99
rutyna,Soft Support,drPingwin,qI7VXf0guiGVmK4TYnNb,8429622448,Hero128,22.9,true,0,7,3,213,237,42,1,4865,9744,247,719,2,3,false,18.56
AxePerSon,Soft Support,Skorupiaki ,sHRVKy03EAKtc77DllAr,8431660021,Shadow Shaman,43.5,true,1,8,11,295,440,54,7,10668,9586,6893,0,0,0,false,38.81
Tax Fraud Chief Officer,Soft Support,Luter Disciples,8izHfg1EpvoQPeBeucBB,8431414850,Hero136,40.1,true,8,6,16,348,566,44,0,11978,12928,1485,935,0,0,false,58.74
Tax Fraud Chief Officer,Soft Support,Luter Disciples,8izHfg1EpvoQPeBeucBB,8431510310,Mars,42.2,true,3,7,9,250,377,63,8,8207,5305,89,0,0,0,false,18.75
Tax Fraud Chief Officer,Soft Support,Luter Disciples,Iu1EMsFvKkOJMrwB8ejz,8431817540,Vengeful Spirit,38.5,false,0,16,16,221,348,30,4,6521,9919,0,0,3,15,false,61.70
Tax Fraud Chief Officer,Soft Support,Luter Disciples,Iu1EMsFvKkOJMrwB8ejz,8431886203,Hero136,42.2,true,2,10,9,258,349,64,4,8007,8061,184,19,3,11,false,35.31
Tax Fraud Chief Officer,Soft Support,Luter Disciples,dkucLWvJIO2roXspBUVu,8427012288,Mars,55.1,false,3,9,13,242,405,45,5,11199,6508,479,0,0,0,false,22.12
Tax Fraud Chief Officer,Soft Support,Luter Disciples,dkucLWvJIO2roXspBUVu,8427106246,Spirit Breaker,39.1,true,4,10,14,320,393,106,1,10290,9640,177,0,0,0,false,34.79
Robson ,Soft Support,Dicaprio,sHRVKy03EAKtc77DllAr,8431660021,Rubick,43.5,true,5,7,16,321,361,97,4,10637,15455,121,0,0,0,false,37.77
Czesio,Hard Support,Greatest Dota Team,YedL46rBgycGyaVhgWWx,8424208586,Lion,36.2,true,1,11,11,239,305,14,5,7571,6165,0,400,0,0,false,35.27
Czesio,Hard Support,Greatest Dota Team,YedL46rBgycGyaVhgWWx,8424286523,Shadow Shaman,42.3,false,2,11,13,285,505,32,1,9664,15916,104,0,0,0,false,33.02
Czesio,Hard Support,Greatest Dota Team,g8PuQI3pdTqTaVGQt09X,8425582145,Lion,33.2,true,0,8,4,179,282,17,3,4518,6168,0,0,7,10,false,44.74
Czesio,Hard Support,Greatest Dota Team,g8PuQI3pdTqTaVGQt09X,8425651280,Lich,32.5,true,1,13,11,258,309,17,4,6511,13149,249,0,0,0,false,34.60
cyrq,Soft Support,gwiazda,o2H30RJvnYByDcM2dINB,8427048629,Nyx Assassin,46.7,false,3,15,26,293,574,36,4,10171,15486,25,125,0,0,false,35.14
BeyonD,Mid,Dicaprio,sHRVKy03EAKtc77DllAr,8431660021,Queen of Pain,43.5,true,10,4,12,600,786,372,14,21686,39251,1473,212,0,0,false,35.05
park,Carry,Bubliny Team,WUmUm5A7K1M3hEBGW9Id,8431743470,Viper,59.6,false,13,8,19,568,735,353,20,26569,43057,9676,0,0,0,false,40.83
park,Carry,Bubliny Team,fxOJREbrQkftjXT3i4My,8425738638,Drow Ranger,34.1,false,6,3,17,604,720,246,14,19876,15883,8551,0,0,0,false,57.37
park,Carry,Bubliny Team,fxOJREbrQkftjXT3i4My,8425795013,Spectre,25.5,true,4,3,11,446,485,151,14,10935,8504,0,0,0,0,false,6.68
Yung Bruh,Carry,Luter Disciples,8izHfg1EpvoQPeBeucBB,8431414850,Templar Assassin,40.1,true,12,1,13,869,1086,460,30,33990,38360,21829,0,0,0,false,66.60
Yung Bruh,Carry,Luter Disciples,8izHfg1EpvoQPeBeucBB,8431510310,Abaddon,42.2,true,7,3,8,611,716,439,14,24739,21508,1527,160,0,0,false,14.18
Yung Bruh,Carry,Luter Disciples,Iu1EMsFvKkOJMrwB8ejz,8431817540,Razor,38.5,false,10,7,9,555,711,297,11,19361,32716,1042,0,0,0,false,24.73
Yung Bruh,Carry,Luter Disciples,Iu1EMsFvKkOJMrwB8ejz,8431886203,Necrophos,42.2,true,14,2,5,768,925,538,15,31245,27984,2140,3289,0,0,1,48.79
Yung Bruh,Carry,Luter Disciples,dkucLWvJIO2roXspBUVu,8427012288,Lifestealer,55.1,false,10,1,6,784,970,697,53,40430,21133,8260,2082,0,0,false,21.29
Yung Bruh,Carry,Luter Disciples,dkucLWvJIO2roXspBUVu,8427106246,Ursa,39.1,true,10,5,10,630,827,378,19,23530,27958,497,0,0,0,false,25.05
SiriusTasher,Mid,winagrdium leviosaaa,zagQRJf7HdWq3ma7rp09,8425659528,Storm Spirit,32.9,true,10,8,8,471,652,170,3,13748,24507,146,0,0,0,false,33.38
SiriusTasher,Mid,winagrdium leviosaaa,zagQRJf7HdWq3ma7rp09,8425728381,Tiny,55.4,false,6,8,24,643,910,468,3,28418,49412,1875,0,0,0,false,33.03
Łysy,Mid,Na Pałę Gaming,Lv845NrM8afwFJdojNzo,8431472168,Night Stalker,41.6,false,3,11,22,386,481,121,3,13159,19824,2223,0,0,0,false,35.76
Łysy,Mid,Na Pałę Gaming,Lv845NrM8afwFJdojNzo,8431562935,Kez,53.1,false,4,18,20,344,400,165,7,14019,20740,552,0,0,0,false,6.55
Łysy,Mid,Na Pałę Gaming,WUmUm5A7K1M3hEBGW9Id,8431743470,Ember Spirit,59.6,false,10,14,20,492,627,344,2,23586,44686,0,0,0,0,false,23.75
Łysy,Mid,Na Pałę Gaming,YedL46rBgycGyaVhgWWx,8424208586,Timbersaw,36.2,true,10,7,16,606,778,247,2,20601,23492,1348,0,0,0,false,59.54
Łysy,Mid,Na Pałę Gaming,YedL46rBgycGyaVhgWWx,8424286523,Ember Spirit,42.3,false,6,7,12,500,697,271,1,19428,19746,567,0,0,0,false,33.12
woyski,Carry,winagrdium leviosaaa,zagQRJf7HdWq3ma7rp09,8425659528,Shadow Fiend,32.9,true,5,5,10,517,612,236,24,16091,22146,0,0,0,0,false,12.12
woyski,Carry,winagrdium leviosaaa,zagQRJf7HdWq3ma7rp09,8425728381,Shadow Fiend,55.4,false,24,7,10,774,948,522,17,34551,60716,9350,125,0,0,false,51.15
Dawidus,Hard Support,Dota Gooners,bJ0rMbzMkwqlqGIpNtFU,8431737496,Lich,33.6,true,1,10,10,270,280,53,2,8057,11576,137,125,0,0,false,38.58
Dawidus,Hard Support,Dota Gooners,bJ0rMbzMkwqlqGIpNtFU,8431808477,Disruptor,27.8,false,0,10,5,211,274,22,1,4368,8548,0,0,0,0,false,21.58
Szczodry,Hard Support,Dicaprio,sHRVKy03EAKtc77DllAr,8431660021,Vengeful Spirit,43.5,true,2,7,12,211,300,22,1,6217,6878,45,0,0,0,false,30.03
Zapraszam,Offlane,Luter Disciples,8izHfg1EpvoQPeBeucBB,8431414850,Slardar,40.1,true,13,5,14,554,750,205,17,19987,24208,2565,0,0,0,false,70.14
Zapraszam,Offlane,Luter Disciples,8izHfg1EpvoQPeBeucBB,8431510310,Hero137,42.2,true,3,9,6,357,509,204,6,12339,10072,0,0,0,0,false,6.64
Zapraszam,Offlane,Luter Disciples,Iu1EMsFvKkOJMrwB8ejz,8431817540,Axe,38.5,false,8,8,12,404,567,172,10,14247,25263,87,0,0,0,false,34.66
Zapraszam,Offlane,Luter Disciples,Iu1EMsFvKkOJMrwB8ejz,8431886203,Centaur Warrunner,42.2,true,2,6,10,412,555,250,10,14648,13449,682,0,0,0,false,14.22
Zapraszam,Offlane,Luter Disciples,dkucLWvJIO2roXspBUVu,8427012288,Slardar,55.1,false,6,6,11,461,789,333,10,22889,17950,1196,0,0,0,false,18.96
Zapraszam,Offlane,Luter Disciples,dkucLWvJIO2roXspBUVu,8427106246,Razor,39.1,true,10,6,9,498,670,237,23,16343,33017,1010,0,0,0,false,35.37
Adi,Mid,Greatest Dota Team,YedL46rBgycGyaVhgWWx,8424208586,Lina,36.2,true,12,7,6,608,748,274,13,19230,46358,2625,0,0,0,false,45.68
Adi,Mid,Greatest Dota Team,YedL46rBgycGyaVhgWWx,8424286523,Queen of Pain,42.3,false,7,4,12,509,723,253,17,19653,54628,664,0,0,0,false,32.87
Adi,Mid,Greatest Dota Team,g8PuQI3pdTqTaVGQt09X,8425582145,Necrophos,33.2,true,8,5,3,531,671,251,13,15393,35068,414,2381,2,2,false,31.43
Adi,Mid,Greatest Dota Team,g8PuQI3pdTqTaVGQt09X,8425651280,Phoenix,32.5,true,2,7,9,366,398,140,7,9788,21363,678,325,0,0,false,8.53
Lemanoo,Offlane,Greatest Dota Team,YedL46rBgycGyaVhgWWx,8424208586,Axe,36.2,true,6,9,13,437,502,180,9,14247,21927,65,0,0,0,false,33.74
Lemanoo,Offlane,Greatest Dota Team,YedL46rBgycGyaVhgWWx,8424286523,Wraith King,42.3,false,8,4,15,598,825,345,7,21726,39200,2664,0,0,0,false,47.94
Lemanoo,Offlane,Greatest Dota Team,g8PuQI3pdTqTaVGQt09X,8425582145,Wraith King,33.2,true,1,8,7,319,360,150,4,9065,10841,79,0,0,0,false,8.52
Lemanoo,Offlane,Greatest Dota Team,g8PuQI3pdTqTaVGQt09X,8425651280,Undying,32.5,true,8,9,8,273,307,34,1,7036,11847,0,4422,0,0,false,27.21
SadBart,Soft Support,Sparta Sklejka Orzechowo,035zBZ2Imgb9kIdncdiu,8431635715,Tusk,18.2,false,0,7,0,130,163,4,2,2298,1843,0,0,1,2,false,-10.00
SadBart,Soft Support,Sparta Sklejka Orzechowo,035zBZ2Imgb9kIdncdiu,8431689704,Undying,47.1,true,3,10,16,252,442,33,0,9577,12367,891,716,4,7,false,46.78
SadBart,Soft Support,Sparta Sklejka Orzechowo,8izHfg1EpvoQPeBeucBB,8431414850,Jakiro,40.1,true,2,14,11,308,467,38,0,9944,12283,70,0,0,0,false,18.91
SadBart,Soft Support,Sparta Sklejka Orzechowo,8izHfg1EpvoQPeBeucBB,8431510310,Silencer,42.2,true,3,7,20,308,501,37,8,12471,9000,770,0,0,0,false,61.06
Budda-,Offlane,Pora na Przygode,KWrwrjEWK7yL7r6GOipp,8422934138,Zeus,39.3,true,3,5,10,433,507,250,3,15187,31821,77,0,2,1,1,28.48
Breadley,Carry,drPingwin,O2LdqqxZsyHobulI9Esd,8421550291,Ursa,39.2,false,20,4,3,805,889,405,8,26178,36245,3753,0,0,0,1,71.04
Breadley,Carry,drPingwin,O2LdqqxZsyHobulI9Esd,8421628982,Gyrocopter,40.9,true,10,3,19,709,865,449,11,21591,36169,246,0,0,0,false,36.03
Breadley,Carry,drPingwin,QKhtzVVV8VdBFDdkMOH9,8427007639,Ursa,29.0,false,7,3,6,540,657,227,14,14889,11660,587,0,0,0,false,13.25
Breadley,Carry,drPingwin,QKhtzVVV8VdBFDdkMOH9,8427065180,Faceless Void,51.7,true,13,1,16,647,725,472,9,31603,31784,5622,0,0,0,false,31.17
Breadley,Carry,drPingwin,qI7VXf0guiGVmK4TYnNb,8429515972,Gyrocopter,39.3,false,6,6,10,576,613,358,8,20688,38587,96,0,0,0,false,17.07
Breadley,Carry,drPingwin,qI7VXf0guiGVmK4TYnNb,8429622448,Lifestealer,22.9,true,0,5,2,335,381,132,12,6732,5716,228,587,0,0,false,-10.00
Xaori,Carry,Sparta Sklejka Orzechowo,035zBZ2Imgb9kIdncdiu,8431635715,Lifestealer,18.2,false,0,2,1,333,327,99,12,6244,3756,0,71,0,0,false,-10.00
Xaori,Carry,Sparta Sklejka Orzechowo,035zBZ2Imgb9kIdncdiu,8431689704,Sven,47.1,true,11,3,10,719,1042,555,7,28935,37589,5784,0,0,0,false,34.37
Xaori,Carry,Sparta Sklejka Orzechowo,8izHfg1EpvoQPeBeucBB,8431414850,Luna,40.1,true,6,6,9,624,830,435,1,21493,36455,0,0,0,0,false,16.28
Xaori,Carry,Sparta Sklejka Orzechowo,8izHfg1EpvoQPeBeucBB,8431510310,Medusa,42.2,true,12,1,14,879,955,641,12,36561,44882,14018,0,0,0,false,64.66
Gilbo,Mid,Meld z Zaskoczenia,5vs3LDQT5Eg4AJULmx8x,8422959064,Phoenix,64.4,false,9,8,25,478,622,254,2,27765,28392,838,8215,2,2,false,36.56
Gilbo,Mid,Meld z Zaskoczenia,5vs3LDQT5Eg4AJULmx8x,8423054658,Hero136,46.9,true,7,17,9,423,530,190,10,15249,20380,37,24,0,0,false,3.81
Gilbo,Mid,Meld z Zaskoczenia,7VdHDXHUb0uSjOOiaD9r,8429996273,Razor,54.8,false,3,5,11,472,611,362,12,21232,22048,914,0,2,3,false,8.69
Gilbo,Mid,Meld z Zaskoczenia,O2LdqqxZsyHobulI9Esd,8421550291,Snapfire,39.2,false,1,3,20,552,706,267,4,21731,19043,1196,0,2,2,false,36.92
Gilbo,Mid,Meld z Zaskoczenia,O2LdqqxZsyHobulI9Esd,8421628982,Phoenix,40.9,true,8,5,18,513,645,179,2,19469,19598,781,11141,2,2,false,45.36
anathan,Carry,Klałn Fiesta,GjEqnxXjgov0xsBCJUi4,8424355820,Templar Assassin,56.6,true,12,7,12,693,992,555,18,32471,49635,9102,0,0,0,false,31.04
anathan,Carry,Klałn Fiesta,GjEqnxXjgov0xsBCJUi4,8424434859,Abaddon,42.1,true,8,6,6,637,778,369,4,25099,35319,185,0,0,0,false,20.72
Masaglutor,Mid,Sparta Sklejka Orzechowo,035zBZ2Imgb9kIdncdiu,8431635715,Dragon Knight,18.2,false,1,5,0,331,362,78,6,5703,5855,539,0,2,0,false,-10.00
Masaglutor,Mid,Sparta Sklejka Orzechowo,035zBZ2Imgb9kIdncdiu,8431689704,Leshrac,47.1,true,6,5,15,557,790,383,3,22573,27917,1787,0,2,0,1,30.84
Masaglutor,Mid,Sparta Sklejka Orzechowo,8izHfg1EpvoQPeBeucBB,8431414850,Puck,40.1,true,5,5,10,500,737,293,5,16285,21464,22,0,0,0,false,16.45
Masaglutor,Mid,Sparta Sklejka Orzechowo,8izHfg1EpvoQPeBeucBB,8431510310,Batrider,42.2,true,11,3,13,574,887,270,10,23080,39247,6291,106,0,0,false,60.33
kirsen,Offlane,Klałn Fiesta,GjEqnxXjgov0xsBCJUi4,8424355820,Night Stalker,56.6,true,4,8,20,489,792,347,22,22566,13279,2111,0,0,0,false,30.45
kirsen,Offlane,Klałn Fiesta,GjEqnxXjgov0xsBCJUi4,8424434859,Legion Commander,42.1,true,2,9,8,390,504,204,8,14919,15062,0,368,0,0,false,18.25
puczini,Offlane,Dicaprio,sHRVKy03EAKtc77DllAr,8431660021,Hero137,43.5,true,4,5,11,411,501,195,3,14870,14274,264,400,0,0,false,24.12
rogos,Mid,Klałn Fiesta,GjEqnxXjgov0xsBCJUi4,8424355820,Puck,56.6,true,11,8,17,649,843,516,13,29762,37293,372,0,3,1,false,35.79
rogos,Mid,Klałn Fiesta,GjEqnxXjgov0xsBCJUi4,8424434859,Ember Spirit,42.1,true,2,9,10,418,528,251,6,15975,32036,740,0,2,0,false,11.61
Menelutor,Offlane,winagrdium leviosaaa,zagQRJf7HdWq3ma7rp09,8425659528,Hero129,32.9,true,4,7,8,383,428,165,25,11519,13016,676,0,0,0,false,17.91
Menelutor,Offlane,winagrdium leviosaaa,zagQRJf7HdWq3ma7rp09,8425728381,Legion Commander,55.4,false,4,12,19,433,609,251,16,19661,25380,89,7795,0,0,false,24.52
Fluke,Mid,Luter Disciples,8izHfg1EpvoQPeBeucBB,8431414850,Windranger,40.1,true,6,3,14,531,666,232,25,20142,16438,7567,0,0,0,false,42.95
Fluke,Mid,Luter Disciples,8izHfg1EpvoQPeBeucBB,8431510310,Puck,42.2,true,5,5,10,423,514,243,11,16583,13490,434,106,0,0,false,10.21
Fluke,Mid,Luter Disciples,Iu1EMsFvKkOJMrwB8ejz,8431817540,Windranger,38.5,false,5,3,17,469,645,214,16,17121,27329,0,0,2,0,false,26.98
Fluke,Mid,Luter Disciples,Iu1EMsFvKkOJMrwB8ejz,8431886203,Invoker,42.2,true,2,4,10,442,497,257,15,17708,13623,2562,0,1,1,false,9.26
Fluke,Mid,Luter Disciples,dkucLWvJIO2roXspBUVu,8427012288,Nature's Prophet,55.1,false,6,8,14,680,811,575,9,29675,40745,2612,1318,0,0,false,22.14
Fluke,Mid,Luter Disciples,dkucLWvJIO2roXspBUVu,8427106246,Invoker,39.1,true,3,7,14,424,533,205,10,14259,21583,1205,0,0,0,false,15.09
Ryuga,Offlane,Sparta Sklejka Orzechowo,035zBZ2Imgb9kIdncdiu,8431635715,Hero135,18.2,false,0,5,1,339,324,88,9,5951,6488,0,582,0,0,false,-10.00
Ryuga,Offlane,Sparta Sklejka Orzechowo,035zBZ2Imgb9kIdncdiu,8431689704,Axe,47.1,true,8,9,7,540,714,356,4,20822,16245,2072,240,0,0,false,18.74
Ryuga,Offlane,Sparta Sklejka Orzechowo,8izHfg1EpvoQPeBeucBB,8431414850,Magnus,40.1,true,3,5,11,441,588,177,14,15731,12117,0,0,0,0,false,23.83
Ryuga,Offlane,Sparta Sklejka Orzechowo,8izHfg1EpvoQPeBeucBB,8431510310,Axe,42.2,true,5,5,15,522,664,299,6,20700,15331,2006,0,0,0,false,50.66
Just Odin,Mid,Pora na Przygode,KWrwrjEWK7yL7r6GOipp,8422934138,Bristleback,39.3,true,6,6,5,546,761,332,2,19469,33591,283,0,0,1,false,20.64
PhilFerdinand,Offlane,Tango Buraczane,FTvntoZjHD52ms6pccPb,8421352850,Tidehunter,39.8,true,1,4,13,468,733,239,4,17887,10794,1116,5562,0,0,false,40.59
PhilFerdinand,Offlane,Tango Buraczane,FTvntoZjHD52ms6pccPb,8421438029,Dark Seer,29.7,true,0,11,10,367,372,151,1,9156,7119,0,844,0,0,false,9.83
PhilFerdinand,Offlane,Tango Buraczane,e5rACO40T7qW0F1dWAdh,8425580766,Hero135,42.0,false,1,8,9,398,548,228,5,14317,18154,0,3027,1,0,false,9.29
PhilFerdinand,Offlane,Tango Buraczane,e5rACO40T7qW0F1dWAdh,8425669736,Tidehunter,42.9,true,2,9,11,383,507,201,1,13483,11270,361,3217,0,0,false,15.02
Melonas,Carry,Dicaprio,sHRVKy03EAKtc77DllAr,8431660021,Abaddon,43.5,true,8,4,9,686,893,493,6,25155,24211,1691,0,0,0,false,18.54
JanPegasus2,Soft Support,winagrdium leviosaaa,zagQRJf7HdWq3ma7rp09,8425659528,Witch Doctor,32.9,true,3,7,5,234,277,20,3,6661,8545,0,0,0,0,false,7.17
JanPegasus2,Soft Support,winagrdium leviosaaa,zagQRJf7HdWq3ma7rp09,8425728381,Jakiro,55.4,false,4,16,25,307,530,55,3,12297,17614,222,0,0,0,false,29.65
ybrish,Carry,Tango Buraczane,FTvntoZjHD52ms6pccPb,8421352850,Ursa,39.8,true,11,1,9,753,998,394,6,28800,30887,6579,125,0,0,false,50.36
ybrish,Carry,Tango Buraczane,FTvntoZjHD52ms6pccPb,8421438029,Ursa,29.7,true,1,6,7,565,745,297,13,14786,20407,790,0,0,0,false,1.35
ybrish,Carry,Tango Buraczane,e5rACO40T7qW0F1dWAdh,8425580766,Lifestealer,42.0,false,7,6,3,548,686,350,18,19445,21744,0,326,0,0,false,7.58
ybrish,Carry,Tango Buraczane,e5rACO40T7qW0F1dWAdh,8425669736,Doom,42.9,true,7,11,7,516,545,240,5,19799,16860,0,0,0,0,false,7.02
Papaya,Offlane,drPingwin,O2LdqqxZsyHobulI9Esd,8421550291,Legion Commander,39.2,false,1,7,10,335,377,138,5,12082,14060,1433,1622,0,0,false,13.58
Papaya,Offlane,drPingwin,O2LdqqxZsyHobulI9Esd,8421628982,Kunkka,40.9,true,3,9,17,410,524,165,1,13885,15222,0,0,0,0,false,39.63
Papaya,Offlane,drPingwin,QKhtzVVV8VdBFDdkMOH9,8427007639,Slardar,29.0,false,1,6,7,312,445,102,3,8467,4529,0,0,0,0,false,7.69
Papaya,Offlane,drPingwin,QKhtzVVV8VdBFDdkMOH9,8427065180,Razor,51.7,true,5,5,9,557,704,409,14,24131,24294,3387,0,0,0,false,21.66
Papaya,Offlane,drPingwin,qI7VXf0guiGVmK4TYnNb,8429515972,Razor,39.3,false,1,11,8,334,464,174,4,11413,13724,0,0,1,0,false,7.23
Papaya,Offlane,drPingwin,qI7VXf0guiGVmK4TYnNb,8429622448,Skywrath Mage,22.9,true,3,6,2,238,334,33,2,4932,13642,0,0,2,1,false,1.05
Bartheez,Mid,drPingwin,O2LdqqxZsyHobulI9Esd,8421550291,Storm Spirit,39.2,false,2,7,13,423,607,185,3,13272,19786,1630,0,2,2,false,12.42
Bartheez,Mid,drPingwin,O2LdqqxZsyHobulI9Esd,8421628982,Lina,40.9,true,7,9,13,576,753,324,8,19109,23288,237,0,2,1,false,27.09
Bartheez,Mid,drPingwin,QKhtzVVV8VdBFDdkMOH9,8427007639,Invoker,29.0,false,4,6,5,395,452,115,8,10483,13557,855,0,0,0,false,5.63
Bartheez,Mid,drPingwin,QKhtzVVV8VdBFDdkMOH9,8427065180,Queen of Pain,51.7,true,5,4,17,579,990,375,16,24657,36534,2847,0,0,0,false,26.60
Bartheez,Mid,drPingwin,qI7VXf0guiGVmK4TYnNb,8429515972,Magnus,39.3,false,2,9,10,450,728,226,6,15009,17052,156,0,2,1,false,10.24
Bartheez,Mid,drPingwin,qI7VXf0guiGVmK4TYnNb,8429622448,Timbersaw,22.9,true,1,8,4,313,312,83,5,6578,9636,0,0,1,0,false,-9.76
Valais,Carry,Pora na Przygode,KWrwrjEWK7yL7r6GOipp,8422934138,Medusa,39.3,true,3,8,8,504,587,353,9,18790,19444,0,0,0,0,false,10.35
Kyrieeleyson,Offlane,Dota Gooners,bJ0rMbzMkwqlqGIpNtFU,8431737496,Undying,33.6,true,8,10,3,339,328,108,11,9767,19278,195,868,0,0,false,15.63
Kyrieeleyson,Offlane,Dota Gooners,bJ0rMbzMkwqlqGIpNtFU,8431808477,Abaddon,27.8,false,0,7,5,280,286,65,9,7170,9314,0,1170,0,0,false,-2.40
Illusive,Soft Support,Dota Gooners,bJ0rMbzMkwqlqGIpNtFU,8431737496,Ogre Magi,33.6,true,1,6,5,196,283,29,2,5160,18334,164,192,0,0,false,8.04
Illusive,Soft Support,Dota Gooners,bJ0rMbzMkwqlqGIpNtFU,8431808477,Vengeful Spirit,27.8,false,1,15,3,211,216,17,1,4678,9655,0,0,0,0,false,-5.47
Robin,Carry,Greatest Dota Team,YedL46rBgycGyaVhgWWx,8424208586,Chaos Knight,36.2,true,3,5,5,423,569,219,3,12863,13684,522,125,0,0,false,-2.94
Robin,Carry,Greatest Dota Team,YedL46rBgycGyaVhgWWx,8424286523,Phantom Lancer,42.3,false,6,5,6,511,731,281,1,17861,25127,0,0,0,0,false,7.55
Robin,Carry,Greatest Dota Team,g8PuQI3pdTqTaVGQt09X,8425582145,Medusa,33.2,true,0,1,5,538,564,368,9,17376,18513,0,125,0,0,false,-6.36
Robin,Carry,Greatest Dota Team,g8PuQI3pdTqTaVGQt09X,8425651280,Lifestealer,32.5,true,2,6,7,459,719,225,18,12715,13670,329,1803,0,0,false,-2.98
Luntri,Mid,Dota Gooners,bJ0rMbzMkwqlqGIpNtFU,8431737496,Kez,33.6,true,0,5,6,341,475,146,8,9910,6157,0,0,0,0,false,-8.20
Luntri,Mid,Dota Gooners,bJ0rMbzMkwqlqGIpNtFU,8431808477,Invoker,27.8,false,3,10,3,384,391,110,14,9531,16604,120,0,0,0,false,0.83
Dredo,Carry,Dota Gooners,bJ0rMbzMkwqlqGIpNtFU,8431737496,Luna,33.6,true,4,7,3,489,528,281,8,14861,11375,576,0,0,0,false,-0.47
Dredo,Carry,Dota Gooners,bJ0rMbzMkwqlqGIpNtFU,8431808477,Wraith King,27.8,false,1,3,5,448,570,193,9,11846,11932,1197,0,0,0,false,-7.89
